aor|apprehension_landmark|n
ATL|STG GENERAL AREA, NON-SPECIFIC|1278
ATL|SAV GENERAL AREA, NON-SPECIFIC|491
ATL|RDU GENERAL AREA, NON-SPECIFIC|440
ATL|DTN GENERAL AREA, NON-SPECIFIC|408
ATL|JRL GENERAL AREA, NON-SPECIFIC|384
ATL|WIL GENERAL AREA, NON-SPECIFIC|215
ATL|LEX GENERAL AREA, NON-SPECIFIC|124
ATL|GRN GENERAL AREA, NON-SPECIFIC|109
ATL|CHL GENERAL AREA, NON-SPECIFIC|88
ATL|YCJ GENERAL AREA, NON-SPECIFIC|58
ATL|HEN GENERAL AREA, NON-SPECIFIC|56
ATL|GRR GENERAL AREA, NON-SPECIFIC|52
ATL|GCJ GENERAL AREA, NON-SPECIFIC|51
ATL|GNS GENERAL AREA, NON-SPECIFIC|40
ATL|ATL GENERAL AREA, NON-SPECIFIC|31
ATL|CCG GENERAL AREA, NON-SPECIFIC|7
ATL|FCS GENERAL AREA, NON-SPECIFIC|6
ATL|GCN GENERAL AREA, GASTON 287G|6
ATL|LAR GENERAL AREA, NON-SPECIFIC|4
ATL|RDU GENERAL AREA, WAKE 287G|4
ATL|CCN GENERAL AREA, CABARRUS 287G|3
ATL|TAL GENERAL AREA, NON-SPECIFIC|3
ATL|XRA GENERAL AREA, NON-SPECIFIC|3
ATL|BSD GENERAL AREA, NON-SPECIFIC|2
ATL|DALLAS COUNTY GENERAL AREA|2
ATL|LAF GENERAL AREA, NON-SPECIFIC|2
ATL|OAK GENERAL AREA, NON-SPECIFIC|2
ATL|ABQ GENERAL AREA, NON-SPECIFIC|1
ATL|BIL GENERAL AREA, NON-SPECIFIC|1
ATL|CAP-YRK GENERAL AREA, NON-SPECIFIC PA STATE|1
ATL|CAX GENERAL AREA, NON-SPECIFIC|1
ATL|CHARLOTTE GENERAL AREA|1
ATL|CHI GENERAL AREA, NON-SPECIFIC|1
ATL|CLM GENERAL AREA, NON-SPECIFIC|1
ATL|COA GENERAL AREA, NON-SPECIFIC|1
ATL|DSM GENERAL AREA, NON-SPECIFIC IOWA|1
ATL|GREENSBORO GENERAL AREA|1
ATL|GSS GENERAL AREA, NON-SPECIFIC|1
ATL|HBG GENERAL AREA, NON-SPECIFIC|1
ATL|HEN GENERAL AREA, HENDERSON 287G|1
ATL|INP GENERAL AREA, NON-SPECIFIC|1
ATL|JNA GENERAL AREA, NON-SPECIFIC|1
ATL|LOS ANGELES COUNTY GENERAL AREA, NON-SPECIFIC|1
ATL|LRD GENERAL AREA, NON-SPECIFIC|1
ATL|MIA GENERAL AREA, NON-SPECIFIC|1
ATL|ORL GENERAL AREA, NON-SPECIFIC|1
ATL|TAM GENERAL AREA, NON-SPECIFIC|1
BAL|WCD GENERAL AREA|170
BAL|WICOMICO COUNTY GENERAL AREA|76
BAL|TALBOT COUNTY GENERAL AREA|40
BAL|SALISBURY, MD GENERAL AREA|34
BAL|FCD GENERAL AREA, NON-SPECIFIC|32
BAL|EASTON, MD GENERAL AREA|22
BAL|WORCESTER COUNTY GENERAL AREA|16
BAL|DORCHESTER COUNTY GENERAL AREA|9
BAL|KENT COUNTY GENERAL AREA|9
BAL|CAROLINE COUNTY GENERAL AREA|8
BAL|OCEAN CITY, MD GENERAL AREA|7
BAL|WAS GENERAL AREA, NON-SPECIFIC|6
BAL|CENTREVILLE, MD GENERAL AREA|5
BAL|QUEEN ANNE'S COUNTY GENERAL AREA|5
BAL|CAMBRIDGE, MD GENERAL AREA|4
BAL|SNOW HILL, MD GENERAL AREA|4
BAL|FRD GENERAL AREA, NON-SPECIFIC|2
BAL|LVG GENERAL AREA, NON-SPECIFIC|1
BAL|SBD GENERAL AREA, NON-SPECIFIC|1
BAL|X1R GENERAL AREA, NON-SPECIFIC|1
BOS|HAR GENERAL AREA, NON-SPECIFIC|781
BOS|POM GENERAL AREA, NON-SPECIFIC|240
BOS|STA GENERAL AREA, NON-SPECIFIC|74
BOS|NORTH DARTMOUTH GENERAL AREA, NON-SPECIFIC|19
BOS|JAK GENERAL AREA, NON-SPECIFIC|12
BOS|SPR GENERAL AREA, NON-SPECIFIC|11
BOS|PLYMOUTH GENERAL AREA, NON-SPECIFIC|8
BOS|XBO GENERAL AREA, NON-SPECIFIC|5
BOS|BNS GENERAL AREA, NON-SPECIFIC|3
BOS|MDM GENERAL AREA, NON-SPECIFIC|3
BOS|BOS GENERAL AREA, NON-SPECIFIC|1
BOS|OMA GENERAL AREA, NON-SPECIFIC|1
BUF|ALB GENERAL AREA, NON-SPECIFIC|290
BUF|CHM GENERAL AREA, NON-SPECIFIC|34
BUF|SYR GENERAL AREA, NON-SPECIFIC|32
BUF|JAK GENERAL AREA, NON-SPECIFIC|7
BUF|AGU GENERAL AREA, NON-SPECIFIC|3
BUF|PIC GENERAL AREA, NON-SPECIFIC|3
BUF|RNS GENERAL AREA, NON-SPECIFIC|2
BUF|AGA GENERAL AREA, NON-SPECIFIC|1
BUF|BUF GENERAL AREA, NON-SPECIFIC|1
BUF|CAP-YRK GENERAL AREA, NON-SPECIFIC PA STATE|1
BUF|HAR GENERAL AREA, NON-SPECIFIC|1
BUF|MTG GENERAL AREA, NON-SPECIFIC|1
BUF|SPM GENERAL AREA, NON-SPECIFIC|1
BUF|TRC GENERAL AREA, NON-SPECIFIC|1
BUF|XAY GENERAL AREA, NON-SPECIFIC|1
CHI|CHI GENERAL AREA, NON-SPECIFIC|2724
CHI|INP GENERAL AREA, NON-SPECIFIC|2304
CHI|KAN GENERAL AREA, NON-SPECIFIC|1530
CHI|WIC GENERAL AREA, NON-SPECIFIC|1120
CHI|MIL GENERAL AREA, NON-SPECIFIC|501
CHI|SPG GENERAL AREA, NON-SPECIFIC|301
CHI|RII GENERAL AREA, NON-SPECIFIC|255
CHI|LOU GENERAL AREA, NON-SPECIFIC|219
CHI|B - DANE COUNTY GENERAL AREA|116
CHI|CDC GENERAL AREA, NON-SPECIFIC|65
CHI|A - WAUKESHA COUNTY GENERAL AREA|46
CHI|B - ROCK COUNTY GENERAL AREA|35
CHI|D - BROWN COUNTY GENERAL AREA|32
CHI|A - RACINE COUNTY GENERAL AREA|31
CHI|B - JEFFERSON COUNTY GENERAL AREA|26
CHI|BLG GENERAL AREA, NON-SPECIFIC|24
CHI|D - OUTAGAMIE COUNTY GENERAL AREA|20
CHI|A - KENOSHA COUNTY GENERAL AREA|18
CHI|WINNEBAGO COUNTY, IL GENERAL AREA|18
CHI|B - SAUK COUNTY GENERAL AREA|17
CHI|A - WALWORTH COUNTY GENERAL AREA|16
CHI|A - FOND DU LAC COUNTY GENERAL AREA|10
CHI|C - TREMPEALEAU COUNTY GENERAL AREA|10
CHI|D - DOOR COUNTY GENERAL AREA|10
CHI|A - DODGE COUNTY GENERAL AREA|9
CHI|A - SHEBOYGAN COUNTY GENERAL AREA|9
CHI|C - EAU CLAIRE COUNTY GENERAL AREA|9
CHI|A - WASHINGTON COUNTY GENERAL AREA|8
CHI|C - MARATHON COUNTY GENERAL AREA|8
CHI|C - TAYLOR COUNTY GENERAL AREA|8
CHI|D - KEWAUNEE COUNTY GENERAL AREA|8
CHI|JAK GENERAL AREA, NON-SPECIFIC|7
CHI|C - CLARK COUNTY GENERAL AREA|6
CHI|EPC GENERAL AREA, NON-SPECIFIC|6
CHI|A - CALUMET COUNTY GENERAL AREA|5
CHI|B - LAFAYETTE COUNTY GENERAL AREA|5
CHI|A - OZAUKEE COUNTY GENERAL AREA|4
CHI|B - COLUMBIA COUNTY GENERAL AREA|4
CHI|B - MONROE COUNTY GENERAL AREA|4
CHI|B - GREEN COUNTY GENERAL AREA|3
CHI|B - IOWA COUNTY GENERAL AREA|3
CHI|B - JUNEAU COUNTY GENERAL AREA|3
CHI|B - LA CROSSE COUNTY GENERAL AREA|3
CHI|C - WOOD COUNTY GENERAL AREA|3
CHI|CRI GENERAL AREA, NON-SPECIFIC|3
CHI|A - MANITOWOC COUNTY GENERAL AREA|2
CHI|B - RICHLAND COUNTY GENERAL AREA|2
CHI|C - JACKSON COUNTY GENERAL AREA|2
CHI|OMA GENERAL AREA, NON-SPECIFIC|2
CHI|XCH GENERAL AREA, NON-SPECIFIC|2
CHI|A - WAUSHARA COUNTY GENERAL AREA|1
CHI|A - WINNEBAGO COUNTY GENERAL AREA|1
CHI|B - GRANT COUNTY GENERAL AREA|1
CHI|BKI GENERAL AREA, NON-SPECIFIC|1
CHI|BSC GENERAL AREA, NON-SPECIFIC|1
CHI|C - CHIPPEWA COUNTY GENERAL AREA|1
CHI|CAX GENERAL AREA, NON-SPECIFIC|1
CHI|CHA GENERAL AREA, NON-SPECIFIC|1
CHI|CHICAGO GENERAL AREA, NON-SPECIFIC|1
CHI|D - OCONTO COUNTY GENERAL AREA|1
CHI|D - SHAWANO COUNTY GENERAL AREA|1
CHI|FOS GENERAL AREA, NON-SPECIFIC|1
CHI|HLG GENERAL AREA, NON-SPECIFIC|1
CHI|IFI GENERAL AREA, NON-SPECIFIC ID|1
CHI|JNA GENERAL AREA, NON-SPECIFIC|1
CHI|LAF GENERAL AREA, NON-SPECIFIC|1
CHI|LRD GENERAL AREA, NON-SPECIFIC|1
CHI|MGA GENERAL AREA, NON-SPECIFIC|1
CHI|REN GENERAL AREA, NON-SPECIFIC|1
CHI|SPM GENERAL AREA, NON-SPECIFIC|1
CHI|XIP GENERAL AREA, NON-SPECIFIC|1
CHI|XJA GENERAL AREA, NON-SPECIFIC|1
CHI|XSU GENERAL AREA, NON-SPECIFIC|1
DAL|DALLAS COUNTY GENERAL AREA|7446
DAL|BSC GENERAL AREA, NON-SPECIFIC|2748
DAL|EDC GENERAL AREA, NON-SPECIFIC|943
DAL|TLS GENERAL AREA, NON-SPECIFIC|677
DAL|LBK GENERAL AREA, NON-SPECIFIC|213
DAL|COLLIN COUNTY GENERAL AREA|158
DAL|TARRANT COUNTY GENERAL AREA|147
DAL|ETX GENERAL AREA, NON-SPECIFIC|33
DAL|DENTON COUNTY GENERAL AREA|29
DAL|GRAYSON COUNTY GENERAL AREA|28
DAL|SMITH COUNTY GENERAL AREA|25
DAL|AMT GENERAL AREA, NON-SPECIFIC|24
DAL|GREGG COUNTY GENERAL AREA|13
DAL|DAL GENERAL AREA, NON-SPECIFIC|10
DAL|FORT WORTH GENERAL AREA, NON-SPECIFIC|8
DAL|ROCKWALL COUNTY GENERAL AREA|8
DAL|HARRISON COUNTY GENERAL AREA|6
DAL|KAUFMAN COUNTY GENERAL AREA|6
DAL|RUSK COUNTY GENERAL AREA|6
DAL|WICHITA COUNTY GENERAL AREA|6
DAL|ELLIS COUNTY GENERAL AREA|5
DAL|JOHNSON COUNTY GENERAL AREA|5
DAL|"NAVARRO COUNTY GENERAL AREA"|5
DAL|LAMAR COUNTY GENERAL AREA|3
DAL|OMA GENERAL AREA, NON-SPECIFIC|3
DAL|PARKER COUNTY GENERAL AREA|3
DAL|XDA GENERAL AREA, NON-SPECIFIC|3
DAL|CAMP COUNTY GENERAL AREA|2
DAL|COOK COUNTY GENERAL AREA|2
DAL|FANNIN COUNTY GENERAL AREA|2
DAL|HENDERSON COUNTY GENERAL AREA|2
DAL|HOOD COUNTY GENERAL AREA|2
DAL|MORRIS COUNTY GENERAL AREA|2
DAL|TITUS COUNTY GENERAL AREA|2
DAL|VAN ZANDT COUNTY GENERAL AREA|2
DAL|BOWIE COUNTY GENERAL AREA|1
DAL|BSA GENERAL AREA, NON-SPECIFIC|1
DAL|CAX GENERAL AREA, NON-SPECIFIC|1
DAL|CLAY COUNTY GENERAL AREA|1
DAL|FRANKLIN COUNTY GENERAL AREA|1
DAL|HAR GENERAL AREA, NON-SPECIFIC|1
DAL|HNT GENERAL AREA, NON-SPECIFIC|1
DAL|HOPKINS COUNTY GENERAL AREA|1
DAL|HPC GENERAL AREA, NON-SPECIFIC|1
DAL|HUNT COUNTY GENERAL AREA|1
DAL|LOS ANGELES COUNTY GENERAL AREA, NON-SPECIFIC|1
DAL|MID GENERAL AREA, NON-SPECIFIC|1
DAL|RED RIVER COUNTY GENERAL AREA|1
DAL|TAM GENERAL AREA, NON-SPECIFIC|1
DAL|WISE COUNTY GENERAL AREA|1
DAL|XOC GENERAL AREA, NON-SPECIFIC|1
DEN|FRD GENERAL AREA, NON-SPECIFIC|417
DEN|LVD GENERAL AREA, NON-SPECIFIC|23
DEN|AUS GENERAL AREA, NON-SPECIFIC|1
DEN|GRI GENERAL AREA, NON-SPECIFIC|1
DEN|SLC GENERAL AREA, NON-SPECIFIC|1
DEN|SPM GENERAL AREA, NON-SPECIFIC|1
DET|CLM GENERAL AREA, NON-SPECIFIC|3444
DET|CIN GENERAL AREA, NON-SPECIFIC|98
DET|GRAND RAPIDS, MI GENERAL AREA|52
DET|TOLEDO GENERAL AREA|35
DET|LANSING, MI GENERAL AREA|17
DET|KALAMAZOO, MI GENERAL AREA|13
DET|GRM GENERAL AREA, NON-SPECIFIC|4
DET|JAK GENERAL AREA, NON-SPECIFIC|4
DET|XGP GENERAL AREA, NON-SPECIFIC|3
DET|DET GENERAL AREA, NON-SPECIFIC|1
DET|ELP GENERAL AREA, NON-SPECIFIC|1
DET|LRD GENERAL AREA, NON-SPECIFIC|1
DET|OTM GENERAL AREA, NON-SPECIFIC|1
DET|RCM GENERAL AREA, NON-SPECIFIC|1
DET|XCU GENERAL AREA, NON-SPECIFIC|1
DET|XJA GENERAL AREA, NON-SPECIFIC|1
ELP|EPC GENERAL AREA, NON-SPECIFIC|741
ELP|MID GENERAL AREA, NON-SPECIFIC|601
ELP|ELP GENERAL AREA, NON-SPECIFIC|365
ELP|ABQ GENERAL AREA, NON-SPECIFIC|338
ELP|PCS GENERAL AREA, NON-SPECIFIC|246
ELP|LAS GENERAL AREA, NON-SPECIFIC|24
ELP|OOP GENERAL AREA, NON-SPECIFIC|5
ELP|ADE GENERAL AREA, NON-SPECIFIC|2
ELP|REN GENERAL AREA, NON-SPECIFIC|2
ELP|TCS GENERAL AREA, NON-SPECIFIC|2
ELP|WTX GENERAL AREA, NON-SPECIFIC|2
ELP|ABT GENERAL AREA, NON-SPECIFIC|1
ELP|BSC GENERAL AREA, NON-SPECIFIC|1
ELP|ESM GENERAL AREA, NON-SPECIFIC|1
ELP|ETW GENERAL AREA, NON-SPECIFIC|1
ELP|FRE GENERAL AREA, NON-SPECIFIC|1
ELP|HHW GENERAL AREA, NON-SPECIFIC|1
ELP|KAN GENERAL AREA, NON-SPECIFIC|1
ELP|LRA GENERAL AREA, NON-SPECIFIC|1
ELP|LVG GENERAL AREA, NON-SPECIFIC|1
ELP|SFR GENERAL AREA, NON-SPECIFIC|1
ELP|SNA GENERAL AREA, NON-SPECIFIC|1
ELP|XEP GENERAL AREA, NON-SPECIFIC|1
HOU|HPC GENERAL AREA, NON-SPECIFIC|6774
HOU|MTG GENERAL AREA, NON-SPECIFIC|1730
HOU|CRP GENERAL AREA, NON-SPECIFIC|1124
HOU|HDF GENERAL AREA, NON-SPECIFIC|379
HOU|HNT GENERAL AREA, NON-SPECIFIC|80
HOU|BEA GENERAL AREA, NON-SPECIFIC|58
HOU|DALLAS COUNTY GENERAL AREA|12
HOU|LIV GENERAL AREA, NON-SPECIFIC|7
HOU|CRE GENERAL AREA, NON-SPECIFIC|6
HOU|XHO GENERAL AREA, NON-SPECIFIC|5
HOU|PIC GENERAL AREA, NON-SPECIFIC|4
HOU|CDC GENERAL AREA, NON-SPECIFIC|2
HOU|SPM GENERAL AREA, NON-SPECIFIC|2
HOU|ABQ GENERAL AREA, NON-SPECIFIC|1
HOU|AUS GENERAL AREA, NON-SPECIFIC|1
HOU|CNG GENERAL AREA, NON-SPECIFIC|1
HOU|EDNA GENERAL AREA, NON-SPECIFIC|1
HOU|GAV GENERAL AREA, NON-SPECIFIC|1
HOU|GRI GENERAL AREA, NON-SPECIFIC|1
HOU|HLG GENERAL AREA, NON-SPECIFIC|1
HOU|INP GENERAL AREA, NON-SPECIFIC|1
HOU|LBK GENERAL AREA, NON-SPECIFIC|1
HOU|LOS ANGELES COUNTY GENERAL AREA, NON-SPECIFIC|1
HOU|LRA GENERAL AREA, NON-SPECIFIC|1
HOU|MGA GENERAL AREA, NON-SPECIFIC|1
HOU|OAK GENERAL AREA, NON-SPECIFIC|1
HOU|OMA GENERAL AREA, NON-SPECIFIC|1
HOU|PCS GENERAL AREA, NON-SPECIFIC|1
HOU|SFD GENERAL AREA, NON-SPECIFIC|1
HOU|SNA GENERAL AREA, NON-SPECIFIC|1
HOU|VEN GENERAL AREA, NON-SPECIFIC|1
HQ|LOS ANGELES COUNTY GENERAL AREA, NON-SPECIFIC|2
HQ|WHP GENERAL AREA, NON-SPECIFIC|2
HQ|FRE GENERAL AREA, NON-SPECIFIC|1
HQ|INP GENERAL AREA, NON-SPECIFIC|1
HQ|PCS GENERAL AREA, NON-SPECIFIC|1
HQ|SAJ GENERAL AREA, NON-SPECIFIC|1
LOS|LOS ANGELES COUNTY GENERAL AREA, NON-SPECIFIC|8596
LOS|SBD GENERAL AREA, NON-SPECIFIC|2601
LOS|SAA GENERAL AREA, NON-SPECIFIC|2159
LOS|ADE GENERAL AREA, NON-SPECIFIC|1769
LOS|LOM GENERAL AREA, NON-SPECIFIC|1075
LOS|VEN GENERAL AREA, NON-SPECIFIC|915
LOS|RIVERSIDE COUNTY GENERAL AREA|102
LOS|WSM GENERAL AREA, NON-SPECIFIC|22
LOS|SANTA BARBARA COUNTY GENERAL AREA, NON-SPECIFIC|20
LOS|CAC GENERAL AREA, NON-SPECIFIC|14
LOS|BKI GENERAL AREA, NON-SPECIFIC|9
LOS|JAK GENERAL AREA, NON-SPECIFIC|6
LOS|LOS GENERAL AREA, NON-SPECIFIC|5
LOS|SANTA ANA, CA GENERAL AREA, NON-SPECIFIC|4
LOS|FOS GENERAL AREA, NON-SPECIFIC|3
LOS|LCY GENERAL AREA, NON-SPECIFIC|2
LOS|LNB GENERAL AREA, NON-SPECIFIC|2
LOS|LVG GENERAL AREA, NON-SPECIFIC|2
LOS|TRC GENERAL AREA, NON-SPECIFIC|2
LOS|ABQ GENERAL AREA, NON-SPECIFIC|1
LOS|DALLAS COUNTY GENERAL AREA|1
LOS|OAK GENERAL AREA, NON-SPECIFIC|1
LOS|ORANGE COUNTY GENERAL AREA, NON-SPECIFIC|1
LOS|SAN BERNARDINO COUNTY GENERAL AREA, NON-SPECIFIC|1
LOS|SPM GENERAL AREA, NON-SPECIFIC|1
LOS|TAM GENERAL AREA, NON-SPECIFIC|1
LOS|WAS GENERAL AREA, NON-SPECIFIC|1
LOS|XJA GENERAL AREA, NON-SPECIFIC|1
MIA|MIA GENERAL AREA, NON-SPECIFIC|1637
MIA|TAM GENERAL AREA, NON-SPECIFIC|1069
MIA|FMY GENERAL AREA, NON-SPECIFIC|827
MIA|TAL GENERAL AREA, NON-SPECIFIC|764
MIA|ORL GENERAL AREA, NON-SPECIFIC|512
MIA|SAJ GENERAL AREA, NON-SPECIFIC|477
MIA|JAC GENERAL AREA, NON-SPECIFIC|327
MIA|CHA GENERAL AREA, NON-SPECIFIC|152
MIA|AGU GENERAL AREA, NON-SPECIFIC|17
MIA|GPR GENERAL AREA, NON-SPECIFIC|15
MIA|HND??GENERAL AREA, NON-SPECIFIC|9
MIA|MIR GENERAL AREA, NON-SPECIFIC|8
MIA|SANFORD GENERAL AREA|8
MIA|CHR GENERAL AREA, NON-SPECIFIC|7
MIA|FTM-COLLIER CTY GENERAL AREA|7
MIA|BDC GENERAL AREA, NON-SPECIFIC|5
MIA|SAJ GENERAL AREA, NON SPECIFIC|5
MIA|APF GENERAL AREA, NON-SPECIFIC|4
MIA|JAK GENERAL AREA, NON-SPECIFIC|4
MIA|FOS GENERAL AREA, NON-SPECIFIC|3
MIA|FTM-CHAROLETTE CTY GENERAL AREA|3
MIA|FTM-DESOTO CTY GENERAL AREA|3
MIA|OCALA GENERAL AREA|3
MIA|TAVARES GENERAL AREA|3
MIA|BRK GENERAL AREA, NON-SPECIFIC|2
MIA|BRO GENERAL AREA, NON-SPECIFIC|2
MIA|TRC GENERAL AREA, NON-SPECIFIC|2
MIA|BRI GENERAL AREA, NON-SPECIFIC|1
MIA|BSC GENERAL AREA, NON-SPECIFIC|1
MIA|ECC GENERAL AREA, NON-SPECIFIC|1
MIA|ELP GENERAL AREA, NON-SPECIFIC|1
MIA|FTM-HENDRY CTY GENERAL AREA|1
MIA|IFI GENERAL AREA, NON-SPECIFIC ID|1
MIA|KCD GENERAL AREA, NON-SPECIFIC|1
MIA|KISSIMMEE GENERAL AREA|1
MIA|LONGWOOD GENERAL AREA|1
MIA|LRD GENERAL AREA, NON-SPECIFIC|1
MIA|LVG GENERAL AREA, NON-SPECIFIC|1
MIA|MEM GENERAL AREA, NON-SPECIFIC|1
MIA|MLN GENERAL AREA, NON-SPECIFIC|1
MIA|OAK GENERAL AREA, NON-SPECIFIC|1
MIA|OTM GENERAL AREA, NON-SPECIFIC|1
MIA|PIC GENERAL AREA, NON-SPECIFIC|1
MIA|SAA GENERAL AREA, NON-SPECIFIC|1
MIA|SBD GENERAL AREA, NON-SPECIFIC|1
MIA|SFR GENERAL AREA, NON-SPECIFIC|1
MIA|SPM GENERAL AREA, NON-SPECIFIC|1
MIA|WINTER GARDEN GENERAL AREA|1
MIA|XJA GENERAL AREA, NON-SPECIFIC|1
MIA|XMI GENERAL AREA, NON-SPECIFIC|1
MIA|XTA GENERAL AREA, NON-SPECIFIC|1
NEW|MLN GENERAL AREA, NON-SPECIFIC|426
NEW|NEW GENERAL AREA, NON-SPECIFIC|271
NEW|XJA GENERAL AREA, NON-SPECIFIC|3
NEW|CNJ GENERAL AREA, NON-SPECIFIC|1
NEW|ESM GENERAL AREA, NON-SPECIFIC|1
NEW|JAK GENERAL AREA, NON-SPECIFIC|1
NEW|LVG GENERAL AREA, NON-SPECIFIC|1
NEW|MTG GENERAL AREA, NON-SPECIFIC|1
NEW|XNK GENERAL AREA, NON-SPECIFIC|1
NOL|NOL GENERAL AREA, NON-SPECIFIC|1635
NOL|JNA GENERAL AREA, NON-SPECIFIC|1507
NOL|BHM GENERAL AREA, NON-SPECIFIC|1474
NOL|OAK GENERAL AREA, NON-SPECIFIC|1471
NOL|NSV GENERAL AREA, NON-SPECIFIC|985
NOL|CNG GENERAL AREA, NON-SPECIFIC|687
NOL|ETW GENERAL AREA, NON-SPECIFIC|445
NOL|KNX GENERAL AREA, NON-SPECIFIC|400
NOL|MGA GENERAL AREA, NON-SPECIFIC|397
NOL|LRA GENERAL AREA, NON-SPECIFIC|339
NOL|MEM GENERAL AREA, NON-SPECIFIC|327
NOL|VVS GENERAL AREA, NON-SPECIFIC|267
NOL|LAF GENERAL AREA, NON-SPECIFIC|206
NOL|JAK GENERAL AREA, NON-SPECIFIC|204
NOL|BTN GENERAL AREA, NON-SPECIFIC|145
NOL|GUL GENERAL AREA, NON-SPECIFIC|86
NOL|MOA GENERAL AREA, NON-SPECIFIC|61
NOL|LAK GENERAL AREA, NON-SPECIFIC|54
NOL|TXA GENERAL AREA, NON-SPECIFIC|33
NOL|MONTGOMERY GENERAL AREA, AL STATE|13
NOL|XJA GENERAL AREA, NON-SPECIFIC|4
NOL|CDC GENERAL AREA, NON-SPECIFIC|3
NOL|GRI GENERAL AREA, NON-SPECIFIC|3
NOL|DALLAS COUNTY GENERAL AREA|2
NOL|HLG GENERAL AREA, NON-SPECIFIC|2
NOL|TAL GENERAL AREA, NON-SPECIFIC|2
NOL|BRO GENERAL AREA, NON-SPECIFIC|1
NOL|CAC GENERAL AREA, NON-SPECIFIC|1
NOL|CAX GENERAL AREA, NON-SPECIFIC|1
NOL|DNA GENERAL AREA, NON-SPECIFIC|1
NOL|ELP GENERAL AREA, NON-SPECIFIC|1
NOL|MIA GENERAL AREA, NON-SPECIFIC|1
NOL|PIC GENERAL AREA, NON-SPECIFIC|1
NOL|SBD GENERAL AREA, NON-SPECIFIC|1
NOL|SCOTLANDVILLE GENERAL AREA, NON-SPECIFIC|1
NOL|XLR GENERAL AREA, NON-SPECIFIC|1
NOL|XNV GENERAL AREA, NON-SPECIFIC|1
NYC|CIP GENERAL AREA, NON-SPECIFIC|1269
NYC|WHP GENERAL AREA, NON-SPECIFIC|7
NYC|FOS GENERAL AREA, NON-SPECIFIC|4
NYC|MDC GENERAL AREA, NON-SPECIFIC|4
NYC|SBD GENERAL AREA, NON-SPECIFIC|3
NYC|CAP-YRK GENERAL AREA, NON-SPECIFIC PA STATE|2
NYC|BTN GENERAL AREA, NON-SPECIFIC|1
NYC|HPC GENERAL AREA, NON-SPECIFIC|1
NYC|LRD GENERAL AREA, NON-SPECIFIC|1
NYC|NEW GENERAL AREA, NON-SPECIFIC|1
NYC|TAL GENERAL AREA, NON-SPECIFIC|1
NYC|WCT GENERAL AREA, NON-SPECIFIC|1
PHI|CAP-YRK GENERAL AREA, NON-SPECIFIC PA STATE|1392
PHI|PHI GENERAL AREA, NON-SPECIFIC|1362
PHI|DVD GENERAL AREA, NON-SPECIFIC|451
PHI|BRK GENERAL AREA, NON-SPECIFIC|250
PHI|PIT GENERAL AREA, NON-SPECIFIC|240
PHI|CHS GENERAL AREA, NON-SPECIFIC|178
PHI|PKE GENERAL AREA, NON-SPECIFIC|114
PHI|ELP GENERAL AREA, NON-SPECIFIC|2
PHI|CAC GENERAL AREA, NON-SPECIFIC|1
PHI|ETW GENERAL AREA, NON-SPECIFIC|1
PHI|TAM GENERAL AREA, NON-SPECIFIC|1
PHI|WHP GENERAL AREA, NON-SPECIFIC|1
PHI|XPH GENERAL AREA, NON-SPECIFIC|1
PHO|LVG GENERAL AREA, NON-SPECIFIC|4
PHO|FOS GENERAL AREA, NON-SPECIFIC|2
PHO|SLC GENERAL AREA, NON-SPECIFIC|2
PHO|ABQ GENERAL AREA, NON-SPECIFIC|1
PHO|CHI GENERAL AREA, NON-SPECIFIC|1
PHO|ECC GENERAL AREA, NON-SPECIFIC|1
PHO|GSS GENERAL AREA, NON-SPECIFIC|1
PHO|LIN GENERAL AREA, NON-SPECIFIC|1
PHO|MEM GENERAL AREA, NON-SPECIFIC|1
PHO|OMA GENERAL AREA, NON-SPECIFIC|1
PHO|SBD GENERAL AREA, NON-SPECIFIC|1
PHO|XPX GENERAL AREA, NON-SPECIFIC|1
SEA|JAK GENERAL AREA, NON-SPECIFIC|7
SEA|XJA GENERAL AREA, NON-SPECIFIC|3
SEA|JNA GENERAL AREA, NON-SPECIFIC|2
SEA|ANC GENERAL AREA, NON-SPECIFIC|1
SEA|DSM GENERAL AREA, NON-SPECIFIC IOWA|1
SEA|KAN GENERAL AREA, NON-SPECIFIC|1
SEA|MED GENERAL AREA, NON-SPECIFIC|1
SEA|POM GENERAL AREA, NON-SPECIFIC|1
SEA|WNT GENERAL AREA, NON-SPECIFIC|1
SFR|FRE GENERAL AREA, NON-SPECIFIC|1977
SFR|BKI GENERAL AREA, NON-SPECIFIC|1305
SFR|HHW GENERAL AREA, NON-SPECIFIC|985
SFR|SFR GENERAL AREA, NON-SPECIFIC|964
SFR|SNJ GENERAL AREA, NON-SPECIFIC|778
SFR|STO GENERAL AREA, NON-SPECIFIC|541
SFR|SAC GENERAL AREA, NON-SPECIFIC|508
SFR|AGA GENERAL AREA, NON-SPECIFIC|250
SFR|SAI GENERAL AREA, NON-SPECIFIC|224
SFR|SNA GENERAL AREA, NON-SPECIFIC|8
SFR|LOS ANGELES COUNTY GENERAL AREA, NON-SPECIFIC|5
SFR|FRD GENERAL AREA, NON-SPECIFIC|4
SFR|SFD GENERAL AREA, NON-SPECIFIC|3
SFR|JAK GENERAL AREA, NON-SPECIFIC|2
SFR|RCM GENERAL AREA, NON-SPECIFIC|2
SFR|REN GENERAL AREA, NON-SPECIFIC|2
SFR|SAA GENERAL AREA, NON-SPECIFIC|2
SFR|SBD GENERAL AREA, NON-SPECIFIC|2
SFR|ADE GENERAL AREA, NON-SPECIFIC|1
SFR|CHI GENERAL AREA, NON-SPECIFIC|1
SFR|FOS GENERAL AREA, NON-SPECIFIC|1
SFR|HLG GENERAL AREA, NON-SPECIFIC|1
SFR|KAN GENERAL AREA, NON-SPECIFIC|1
SFR|LRD GENERAL AREA, NON-SPECIFIC|1
SFR|NOL GENERAL AREA, NON-SPECIFIC|1
SFR|XSF GENERAL AREA, NON-SPECIFIC|1
SFR|XSN GENERAL AREA, NON-SPECIFIC|1
SLC|SLC GENERAL AREA, NON-SPECIFIC|2456
SLC|LVG GENERAL AREA, NON-SPECIFIC|1549
SLC|REN GENERAL AREA, NON-SPECIFIC|346
SLC|BOI GENERAL AREA, NON-SPECIFIC|231
SLC|IFI GENERAL AREA, NON-SPECIFIC ID|123
SLC|SGU GENERAL AREA, NON-SPECIFIC|56
SLC|ADA COUNTY GENERAL AREA ID|18
SLC|CANYON COUNTY GENERAL AREA ID|11
SLC|HEL GENERAL AREA, NON-SPECIFIC|10
SLC|BIL GENERAL AREA, NON-SPECIFIC|7
SLC|JAK GENERAL AREA, NON-SPECIFIC|6
SLC|ELMORE COUNTY GENERAL AREA ID|2
SLC|GEM COUNTY GENERAL AREA ID|2
SLC|GOODING COUNTY GENERAL AREA ID|2
SLC|PAYETTE COUNTY GENERAL AREA ID|2
SLC|XLV GENERAL AREA, NON-SPECIFIC|2
SLC|BKI GENERAL AREA, NON-SPECIFIC|1
SLC|LAF GENERAL AREA, NON-SPECIFIC|1
SLC|LAS GENERAL AREA, NON-SPECIFIC|1
SLC|LVD GENERAL AREA, NON-SPECIFIC|1
SLC|SNS GENERAL AREA, NON-SPECIFIC|1
SLC|STC GENERAL AREA, NON-SPECIFIC|1
SLC|XSC GENERAL AREA, NON-SPECIFIC|1
SNA|SNA GENERAL AREA, NON-SPECIFIC|6581
SNA|HLG GENERAL AREA, NON-SPECIFIC|5066
SNA|AUS GENERAL AREA, NON-SPECIFIC|2844
SNA|LRD GENERAL AREA, NON-SPECIFIC|1125
SNA|PIC GENERAL AREA, NON-SPECIFIC|828
SNA|KCD GENERAL AREA, NON-SPECIFIC|606
SNA|WCT GENERAL AREA, NON-SPECIFIC|476
SNA|TRC GENERAL AREA, NON-SPECIFIC|334
SNA|DHD GENERAL AREA, NON-SPECIFIC|328
SNA|DLR GENERAL AREA, NON-SPECIFIC|89
SNA|STC GENERAL AREA, NON-SPECIFIC|21
SNA|WSO GENERAL AREA, NON-SPECIFIC|21
SNA|BRO GENERAL AREA, NON-SPECIFIC|15
SNA|HPC GENERAL AREA, NON-SPECIFIC|12
SNA|LRA GENERAL AREA, NON-SPECIFIC|12
SNA|MTG GENERAL AREA, NON-SPECIFIC|8
SNA|CHI GENERAL AREA, NON-SPECIFIC|5
SNA|CRP GENERAL AREA, NON-SPECIFIC|5
SNA|ABQ GENERAL AREA, NON-SPECIFIC|4
SNA|DALLAS COUNTY GENERAL AREA|4
SNA|LOS ANGELES COUNTY GENERAL AREA, NON-SPECIFIC|4
SNA|HAR GENERAL AREA, NON-SPECIFIC|3
SNA|SAA GENERAL AREA, NON-SPECIFIC|3
SNA|SAC GENERAL AREA, NON-SPECIFIC|3
SNA|WCD GENERAL AREA|3
SNA|BSOGEN GENERAL AREA, NON-SPECIFIC|2
SNA|HAI GENERAL AREA, NON-SPECIFIC|2
SNA|KAN GENERAL AREA, NON-SPECIFIC|2
SNA|NEW GENERAL AREA, NON-SPECIFIC|2
SNA|NOL GENERAL AREA, NON-SPECIFIC|2
SNA|SBD GENERAL AREA, NON-SPECIFIC|2
SNA|ADE GENERAL AREA, NON-SPECIFIC|1
SNA|ALB GENERAL AREA, NON-SPECIFIC|1
SNA|BKI GENERAL AREA, NON-SPECIFIC|1
SNA|CDC GENERAL AREA, NON-SPECIFIC|1
SNA|GUL GENERAL AREA, NON-SPECIFIC|1
SNA|HHW GENERAL AREA, NON-SPECIFIC|1
SNA|LAF GENERAL AREA, NON-SPECIFIC|1
SNA|MID GENERAL AREA, NON-SPECIFIC|1
SNA|OAK GENERAL AREA, NON-SPECIFIC|1
SNA|PCS GENERAL AREA, NON-SPECIFIC|1
SNA|REN GENERAL AREA, NON-SPECIFIC|1
SNA|SNS GENERAL AREA, NON-SPECIFIC|1
SNA|SPG GENERAL AREA, NON-SPECIFIC|1
SNA|VEN GENERAL AREA, NON-SPECIFIC|1
SNA|XKW GENERAL AREA, NON-SPECIFIC|1
SND|IMP GENERAL AREA, NON-SPECIFIC|607
SND|CPT GENERAL AREA, NON-SPECIFIC|142
SND|CAX GENERAL AREA, NON-SPECIFIC|26
SND|ECC GENERAL AREA, NON-SPECIFIC|24
SND|OTM GENERAL AREA, NON-SPECIFIC|9
SND|SYS GENERAL AREA, NON-SPECIFIC|9
SND|DVN GENERAL AREA, NON-SPECIFIC|6
SND|EL CENTRO GENERAL AREA, NON SPECIFIC|5
SND|FOS GENERAL AREA, NON-SPECIFIC|3
SND|SBD GENERAL AREA, NON-SPECIFIC|3
SND|KCD GENERAL AREA, NON-SPECIFIC|2
SND|LOS ANGELES COUNTY GENERAL AREA, NON-SPECIFIC|2
SND|VEN GENERAL AREA, NON-SPECIFIC|2
SND|AND GENERAL AREA, NON-SPECIFIC|1
SND|BKI GENERAL AREA, NON-SPECIFIC|1
SND|CHI GENERAL AREA, NON-SPECIFIC|1
SND|CNT GENERAL AREA, NON-SPECIFIC|1
SND|SLC GENERAL AREA, NON-SPECIFIC|1
SND|SNA GENERAL AREA, NON-SPECIFIC|1
SND|STO GENERAL AREA, NON-SPECIFIC|1
SPM|SPM GENERAL AREA, NON-SPECIFIC|2262
SPM|OMA GENERAL AREA, NON-SPECIFIC|744
SPM|CRI GENERAL AREA, NON-SPECIFIC|427
SPM|DSM GENERAL AREA, NON-SPECIFIC IOWA|298
SPM|SFD GENERAL AREA, NON-SPECIFIC|240
SPM|GRF GENERAL AREA, NON-SPECIFIC|237
SPM|GRI GENERAL AREA, NON-SPECIFIC|225
SPM|SXC GENERAL AREA, NON-SPECIFIC|200
SPM|NPR GENERAL AREA, NON-SPECIFIC|43
SPM|SPG GENERAL AREA, NON-SPECIFIC|22
SPM|DAK GENERAL AREA, NON-SPECIFIC|14
SPM|SMM GENERAL AREA, NON-SPECIFIC|3
SPM|XGI GENERAL AREA, NON-SPECIFIC|3
SPM|JNA GENERAL AREA, NON-SPECIFIC|2
SPM|RPC GENERAL AREA, NON-SPECIFIC|2
SPM|BSC GENERAL AREA, NON-SPECIFIC|1
SPM|HNT GENERAL AREA, NON-SPECIFIC|1
SPM|JAK GENERAL AREA, NON-SPECIFIC|1
SPM|LVG GENERAL AREA, NON-SPECIFIC|1
SPM|MIL GENERAL AREA, NON-SPECIFIC|1
SPM|XJA GENERAL AREA, NON-SPECIFIC|1
WAS|WAS GENERAL AREA, NON-SPECIFIC|2523
WAS|RCM GENERAL AREA, NON-SPECIFIC|981
WAS|HBG GENERAL AREA, NON-SPECIFIC|453
WAS|LTV GENERAL AREA, NON-SPECIFIC|361
WAS|RMK GENERAL AREA, NON-SPECIFIC|300
WAS|PWC GENERAL AREA, NON-SPECIFIC|25
WAS|JAK GENERAL AREA, NON-SPECIFIC|2
WAS|SBD GENERAL AREA, NON-SPECIFIC|2
WAS|XJA GENERAL AREA, NON-SPECIFIC|2
WAS|ABQ GENERAL AREA, NON-SPECIFIC|1
WAS|DALLAS COUNTY GENERAL AREA|1
WAS|INP GENERAL AREA, NON-SPECIFIC|1
WAS|LRD GENERAL AREA, NON-SPECIFIC|1
WAS|LVG GENERAL AREA, NON-SPECIFIC|1
WAS|NOL GENERAL AREA, NON-SPECIFIC|1
WAS|STC GENERAL AREA, NON-SPECIFIC|1
WAS|WIC GENERAL AREA, NON-SPECIFIC|1
WAS|WSM GENERAL AREA, NON-SPECIFIC|1
NA|JAK GENERAL AREA, NON-SPECIFIC|227
NA|XHO GENERAL AREA, NON-SPECIFIC|87
NA|HPC GENERAL AREA, NON-SPECIFIC|55
NA|LOS ANGELES COUNTY GENERAL AREA, NON-SPECIFIC|44
NA|DALLAS COUNTY GENERAL AREA|42
NA|AUS GENERAL AREA, NON-SPECIFIC|41
NA|BKI GENERAL AREA, NON-SPECIFIC|28
NA|OMA GENERAL AREA, NON-SPECIFIC|28
NA|LOS GENERAL AREA, NON-SPECIFIC|27
NA|XDA GENERAL AREA, NON-SPECIFIC|27
NA|XLS GENERAL AREA, NON-SPECIFIC|26
NA|CHI GENERAL AREA, NON-SPECIFIC|24
NA|SPM GENERAL AREA, NON-SPECIFIC|24
NA|TAM GENERAL AREA, NON-SPECIFIC|20
NA|HLG GENERAL AREA, NON-SPECIFIC|18
NA|XJA GENERAL AREA, NON-SPECIFIC|18
NA|WAS GENERAL AREA, NON-SPECIFIC|16
NA|XEP GENERAL AREA, NON-SPECIFIC|16
NA|KNX GENERAL AREA, NON-SPECIFIC|15
NA|XDT GENERAL AREA, NON-SPECIFIC|14
NA|NOL GENERAL AREA, NON-SPECIFIC|13
NA|XNO GENERAL AREA, NON-SPECIFIC|12
NA|CNG GENERAL AREA, NON-SPECIFIC|11
NA|DAL GENERAL AREA, NON-SPECIFIC|11
NA|MIA GENERAL AREA, NON-SPECIFIC|11
NA|SFR GENERAL AREA, NON-SPECIFIC|11
NA|NEW GENERAL AREA, NON-SPECIFIC|10
NA|BTN GENERAL AREA, NON-SPECIFIC|9
NA|XMI GENERAL AREA, NON-SPECIFIC|9
NA|XNY GENERAL AREA, NON-SPECIFIC|8
NA|PHI GENERAL AREA, NON-SPECIFIC|7
NA|XPX GENERAL AREA, NON-SPECIFIC|7
NA|LVG GENERAL AREA, NON-SPECIFIC|6
NA|SAJ GENERAL AREA, NON-SPECIFIC|6
NA|SLC GENERAL AREA, NON-SPECIFIC|6
NA|XAY GENERAL AREA, NON-SPECIFIC|6
NA|XMC GENERAL AREA, NON-SPECIFIC|6
NA|ABQ GENERAL AREA, NON-SPECIFIC|5
NA|BRO GENERAL AREA, NON-SPECIFIC|5
NA|SAA GENERAL AREA, NON-SPECIFIC|5
NA|SNA GENERAL AREA, NON-SPECIFIC|5
NA|ATL GENERAL AREA, NON-SPECIFIC|4
NA|ELP GENERAL AREA, NON-SPECIFIC|4
NA|PIT GENERAL AREA, NON-SPECIFIC|4
NA|SAV GENERAL AREA, NON-SPECIFIC|4
NA|X1R GENERAL AREA, NON-SPECIFIC|4
NA|XCO GENERAL AREA, NON-SPECIFIC|4
NA|CRP GENERAL AREA, NON-SPECIFIC|3
NA|EPC GENERAL AREA, NON-SPECIFIC|3
NA|GRI GENERAL AREA, NON-SPECIFIC|3
NA|HDF GENERAL AREA, NON-SPECIFIC|3
NA|XBV GENERAL AREA, NON-SPECIFIC|3
NA|XPH GENERAL AREA, NON-SPECIFIC|3
NA|CLM GENERAL AREA, NON-SPECIFIC|2
NA|ETX GENERAL AREA, NON-SPECIFIC|2
NA|FORT WORTH GENERAL AREA, NON-SPECIFIC|2
NA|HAR GENERAL AREA, NON-SPECIFIC|2
NA|HHW GENERAL AREA, NON-SPECIFIC|2
NA|LAK GENERAL AREA, NON-SPECIFIC|2
NA|MID GENERAL AREA, NON-SPECIFIC|2
NA|NOG GENERAL AREA, NON-SPECIFIC|2
NA|OAK GENERAL AREA, NON-SPECIFIC|2
NA|OTM GENERAL AREA, NON-SPECIFIC|2
NA|SBD GENERAL AREA, NON-SPECIFIC|2
NA|SNJ GENERAL AREA, NON-SPECIFIC|2
NA|STO GENERAL AREA, NON-SPECIFIC|2
NA|SYS GENERAL AREA, NON-SPECIFIC|2
NA|XGI GENERAL AREA, NON-SPECIFIC|2
NA|XHG GENERAL AREA, NON-SPECIFIC|2
NA|XTA GENERAL AREA, NON-SPECIFIC|2
NA|ABT GENERAL AREA, NON-SPECIFIC|1
NA|AGU GENERAL AREA, NON-SPECIFIC|1
NA|AMT GENERAL AREA, NON-SPECIFIC|1
NA|BLG GENERAL AREA, NON-SPECIFIC|1
NA|CAP-YRK GENERAL AREA, NON-SPECIFIC PA STATE|1
NA|CHA GENERAL AREA, NON-SPECIFIC|1
NA|CHM GENERAL AREA, NON-SPECIFIC|1
NA|CLE GENERAL AREA, NON-SPECIFIC|1
NA|COLLIN COUNTY GENERAL AREA|1
NA|CRI GENERAL AREA, NON-SPECIFIC|1
NA|DSM GENERAL AREA, NON-SPECIFIC IOWA|1
NA|DTN GENERAL AREA, NON-SPECIFIC|1
NA|ETW GENERAL AREA, NON-SPECIFIC|1
NA|GAL GENERAL AREA, NON-SPECIFIC|1
NA|GDC GENERAL AREA, NON-SPECIFIC|1
NA|GRN GENERAL AREA, NON-SPECIFIC|1
NA|GRP GENERAL AREA, NON-SPECIFIC|1
NA|HID GENERAL AREA, NON-SPECIFIC|1
NA|HNT GENERAL AREA, NON-SPECIFIC|1
NA|LAX GENERAL AREA, NON-SPECIFIC|1
NA|MTG GENERAL AREA, NON-SPECIFIC|1
NA|NPR GENERAL AREA, NON-SPECIFIC|1
NA|NSV GENERAL AREA, NON-SPECIFIC|1
NA|PHOENIX GENERAL AREA, NON-SPECIFIC|1
NA|PIC GENERAL AREA, NON-SPECIFIC|1
NA|RDU GENERAL AREA, NON-SPECIFIC|1
NA|SAX GENERAL AREA, NON-SPECIFIC|1
NA|SGU GENERAL AREA, NON-SPECIFIC|1
NA|VEN GENERAL AREA, NON-SPECIFIC|1
NA|WAD GENERAL AREA, NON-SPECIFIC|1
NA|WIL GENERAL AREA, NON-SPECIFIC|1
NA|X5U GENERAL AREA, NON-SPECIFIC|1
NA|XBO GENERAL AREA, NON-SPECIFIC|1
NA|XCN GENERAL AREA, NON-SPECIFIC|1
NA|XCU GENERAL AREA, NON-SPECIFIC|1
NA|XHP GENERAL AREA, NON-SPECIFIC|1
NA|XKL GENERAL AREA, NON-SPECIFIC|1
NA|XLD GENERAL AREA, NON-SPECIFIC|1
NA|XLI GENERAL AREA, NON-SPECIFIC|1
NA|XLV GENERAL AREA, NON-SPECIFIC|1
NA|XOX GENERAL AREA, NON-SPECIFIC|1
NA|XPB GENERAL AREA, NON-SPECIFIC|1
